﻿<?xml version="1.0" encoding="utf-8"?>
<ArrayOfRecievedProject>
  <RecievedProject>
    <Id>29846997-e8f1-480e-9d9b-2567641b19b2</Id>
    <Name>12345</Name>
    <Deadline>0001-01-01T00:00:00</Deadline>
    <CreationDate>2018-01-21T18:56:48.667Z</CreationDate>
    <modificationDate>2018-01-21T18:56:48.667Z</modificationDate>
    <sourceLanguage>en</sourceLanguage>
    <targetLanguages>
      <string>ru</string>
    </targetLanguages>
    <status>created</status>
    <statusModificationDate>2018-01-21T18:56:48.667Z</statusModificationDate>
    <domainId>0</domainId>
    <Documents>
      <Document1>
        <Document1Id>1850190_25</Document1Id>
        <Name>27</Name>
        <creationDate>2018-01-21T18:56:48.682Z</creationDate>
        <deadline>0001-01-01T00:00:00</deadline>
        <sourceLanguage>en</sourceLanguage>
        <documentDisassemblingStatus>success</documentDisassemblingStatus>
        <targetLanguage>ru</targetLanguage>
        <status>created</status>
        <wordsCount>379</wordsCount>
        <statusModificationDate>2018-01-21T18:56:48.685Z</statusModificationDate>
        <pretranslateCompleted>false</pretranslateCompleted>
        <externalId>5a64e2705f082c14ac39cc03</externalId>
        <placeholdersAreEnabled>false</placeholdersAreEnabled>
      </Document1>
    </Documents>
  </RecievedProject>
  <RecievedProject>
    <Id>64326923-5a2c-4aed-8cce-5dd1878ee287</Id>
    <Name>sssdads</Name>
    <Deadline>0001-01-01T00:00:00</Deadline>
    <CreationDate>2018-01-07T10:16:49.111Z</CreationDate>
    <modificationDate>2018-01-07T10:16:49.111Z</modificationDate>
    <sourceLanguage>en</sourceLanguage>
    <targetLanguages>
      <string>ru</string>
    </targetLanguages>
    <status>created</status>
    <statusModificationDate>2018-01-07T10:16:49.111Z</statusModificationDate>
    <domainId>0</domainId>
    <Documents>
      <Document1>
        <Document1Id>1764731_25</Document1Id>
        <Name>политика</Name>
        <creationDate>2018-01-07T10:16:49.128Z</creationDate>
        <deadline>0001-01-01T00:00:00</deadline>
        <sourceLanguage>en</sourceLanguage>
        <documentDisassemblingStatus>success</documentDisassemblingStatus>
        <targetLanguage>ru</targetLanguage>
        <status>created</status>
        <wordsCount>1159</wordsCount>
        <statusModificationDate>2018-01-07T10:16:49.13Z</statusModificationDate>
        <pretranslateCompleted>false</pretranslateCompleted>
        <externalId>5a51f3911b36740ed459e80a</externalId>
        <placeholdersAreEnabled>false</placeholdersAreEnabled>
      </Document1>
    </Documents>
  </RecievedProject>
  <RecievedProject>
    <Id>0dc0f0b9-91d6-4621-8a00-e34f12b7acb7</Id>
    <Name>TestCase</Name>
    <Deadline>0001-01-01T00:00:00</Deadline>
    <CreationDate>2018-01-07T06:44:53.243Z</CreationDate>
    <modificationDate>2018-01-07T06:44:53.243Z</modificationDate>
    <sourceLanguage>en</sourceLanguage>
    <targetLanguages>
      <string>ru</string>
    </targetLanguages>
    <status>created</status>
    <statusModificationDate>2018-01-07T06:44:53.243Z</statusModificationDate>
    <domainId>0</domainId>
    <Documents>
      <Document1>
        <Document1Id>1764624_25</Document1Id>
        <Name>политика</Name>
        <creationDate>2018-01-07T06:44:53.262Z</creationDate>
        <deadline>0001-01-01T00:00:00</deadline>
        <sourceLanguage>en</sourceLanguage>
        <documentDisassemblingStatus>success</documentDisassemblingStatus>
        <targetLanguage>ru</targetLanguage>
        <status>created</status>
        <wordsCount>1159</wordsCount>
        <statusModificationDate>2018-01-07T06:44:53.264Z</statusModificationDate>
        <pretranslateCompleted>false</pretranslateCompleted>
        <externalId>5a51c1e55f082c1114cb11d6</externalId>
        <placeholdersAreEnabled>false</placeholdersAreEnabled>
      </Document1>
    </Documents>
  </RecievedProject>
  <RecievedProject>
    <Id>69e1c3b8-0c36-4ead-bc1b-413d7065cea2</Id>
    <Name>11TestResponse</Name>
    <Deadline>0001-01-01T00:00:00</Deadline>
    <CreationDate>2018-01-06T14:36:27.147Z</CreationDate>
    <modificationDate>2018-01-06T14:36:27.147Z</modificationDate>
    <sourceLanguage>en</sourceLanguage>
    <targetLanguages>
      <string>ru</string>
    </targetLanguages>
    <status>created</status>
    <statusModificationDate>2018-01-06T14:36:27.147Z</statusModificationDate>
    <domainId>0</domainId>
    <Documents>
      <Document1>
        <Document1Id>1764229_25</Document1Id>
        <Name>политика</Name>
        <creationDate>2018-01-06T14:36:27.186Z</creationDate>
        <deadline>0001-01-01T00:00:00</deadline>
        <sourceLanguage>en</sourceLanguage>
        <documentDisassemblingStatus>success</documentDisassemblingStatus>
        <targetLanguage>ru</targetLanguage>
        <status>created</status>
        <wordsCount>1159</wordsCount>
        <statusModificationDate>2018-01-06T14:36:27.188Z</statusModificationDate>
        <pretranslateCompleted>false</pretranslateCompleted>
        <externalId>5a50deeb952ae507bce49522</externalId>
        <placeholdersAreEnabled>false</placeholdersAreEnabled>
      </Document1>
    </Documents>
  </RecievedProject>
  <RecievedProject>
    <Id>792e3626-3c65-4881-998e-d6287ab0500f</Id>
    <Name>ssssaa</Name>
    <Deadline>0001-01-01T00:00:00</Deadline>
    <CreationDate>2018-01-06T10:05:01.14Z</CreationDate>
    <modificationDate>2018-01-06T10:05:01.14Z</modificationDate>
    <sourceLanguage>en</sourceLanguage>
    <targetLanguages>
      <string>ru</string>
    </targetLanguages>
    <status>created</status>
    <statusModificationDate>2018-01-06T10:05:01.14Z</statusModificationDate>
    <domainId>0</domainId>
    <Documents>
      <Document1>
        <Document1Id>1764044_25</Document1Id>
        <Name>политика</Name>
        <creationDate>2018-01-06T10:05:01.155Z</creationDate>
        <deadline>0001-01-01T00:00:00</deadline>
        <sourceLanguage>en</sourceLanguage>
        <documentDisassemblingStatus>success</documentDisassemblingStatus>
        <targetLanguage>ru</targetLanguage>
        <status>created</status>
        <wordsCount>1159</wordsCount>
        <statusModificationDate>2018-01-06T10:05:01.157Z</statusModificationDate>
        <pretranslateCompleted>false</pretranslateCompleted>
        <externalId>5a509f4d1b36741048750325</externalId>
        <placeholdersAreEnabled>false</placeholdersAreEnabled>
      </Document1>
    </Documents>
  </RecievedProject>
  <RecievedProject>
    <Id>3e75cab0-a0f7-46bd-abce-f097068cf61f</Id>
    <Name>A14. Advance Payment Recoupment Formula-2 FINAL_ru</Name>
    <Deadline>0001-01-01T00:00:00</Deadline>
    <CreationDate>2018-01-05T10:09:12.252Z</CreationDate>
    <createdByUserId>83f88748-7a46-4d3f-b4db-819aa1932af7</createdByUserId>
    <modificationDate>2018-01-05T10:09:12.252Z</modificationDate>
    <sourceLanguage>en</sourceLanguage>
    <targetLanguages>
      <string>ru</string>
    </targetLanguages>
    <status>created</status>
    <statusModificationDate>2018-01-05T10:09:12.252Z</statusModificationDate>
    <domainId>0</domainId>
    <Documents>
      <Document1>
        <Document1Id>1762946_25</Document1Id>
        <Name>A14. Advance Payment Recoupment Formula-2 FINAL_ru</Name>
        <creationDate>2018-01-05T10:09:12.275Z</creationDate>
        <deadline>0001-01-01T00:00:00</deadline>
        <sourceLanguage>en</sourceLanguage>
        <documentDisassemblingStatus>success</documentDisassemblingStatus>
        <targetLanguage>ru</targetLanguage>
        <status>created</status>
        <wordsCount>376</wordsCount>
        <statusModificationDate>2018-01-05T10:09:12.278Z</statusModificationDate>
        <pretranslateCompleted>false</pretranslateCompleted>
        <externalId>5a4f4ec8e56e700ae09ad930</externalId>
        <placeholdersAreEnabled>false</placeholdersAreEnabled>
      </Document1>
    </Documents>
  </RecievedProject>
  <RecievedProject>
    <Id>b448bc60-9207-4f3f-b1ee-b5ace3935214</Id>
    <Name>TestProject</Name>
    <Deadline>0001-01-01T00:00:00</Deadline>
    <CreationDate>2018-01-06T14:05:15.903Z</CreationDate>
    <modificationDate>2018-01-06T14:05:15.903Z</modificationDate>
    <sourceLanguage>en</sourceLanguage>
    <targetLanguages>
      <string>ru</string>
    </targetLanguages>
    <status>created</status>
    <statusModificationDate>2018-01-06T14:05:15.903Z</statusModificationDate>
    <domainId>0</domainId>
    <Documents>
      <Document1>
        <Document1Id>1764200_25</Document1Id>
        <Name>политика</Name>
        <creationDate>2018-01-06T14:05:15.926Z</creationDate>
        <deadline>0001-01-01T00:00:00</deadline>
        <sourceLanguage>en</sourceLanguage>
        <documentDisassemblingStatus>success</documentDisassemblingStatus>
        <targetLanguage>ru</targetLanguage>
        <status>created</status>
        <wordsCount>1159</wordsCount>
        <statusModificationDate>2018-01-06T14:05:15.928Z</statusModificationDate>
        <pretranslateCompleted>false</pretranslateCompleted>
        <externalId>5a50d79b952ae507bce3e6bb</externalId>
        <placeholdersAreEnabled>false</placeholdersAreEnabled>
      </Document1>
    </Documents>
  </RecievedProject>
</ArrayOfRecievedProject>